mask,f1_pseudo,logp_pseudo,f1_classic,logp_classic,acc_classic,f1_mix,logp_mix,acc_mix,gain_f1_mix_vs_classic,gain_logp_mix_vs_classic,alpha,rw_sigma,mixing_std,multichain,adaptive
top,0.4895889914901322,-87.90810413923839,0.5470536499560247,-88.17935580953419,0.13609375,0.6608156943727413,-55.83273481844577,0.2040346159785986,0.11376204441671667,32.346620991088415,0,0.15,,False,False
random50,0.8421357256547533,-34.027772672343424,0.8693287533991699,-30.906705382415403,0.16828125,0.8809760249680806,-29.24700866142123,0.18918601520359515,0.011647271568910655,1.659696720994173,0,0.15,,False,False
bottom,0.47850956038568393,-120.54063826173936,0.5492518703241895,-124.16500178864395,0.10359375,0.6547384382107657,-66.25460781062498,0.21934119671583174,0.10548656788657618,57.91039397801897,0,0.15,,False,False
center,0.5169188913450093,-97.41750421831523,0.637151410115015,-74.30359607235138,0.12109375,0.7376500139547865,-50.56532693805781,0.20325884900987148,0.1004986038397715,23.738269134293574,0,0.15,,False,False
