{
  "alpha": 0.0,
  "rw_sigma": 0.15,
  "f1_mean": 0.8053907132298301,
  "logp_mc": -40.64578476974535,
  "acc": 0.20172574103344232
}