mask,f1_pseudo,logp_pseudo,f1_mwg,logp_mwg,mixing_std,acc_mwg,adaptive,multichain
MAR80,0.6713764813126709,-85.34169538421791,0.740812587563315,-68.35198154881385,,0.19203125,False,False
