method,mask,ess_logp,ess_k,n_kept
pseudo,top,48.55616586140929,169.16330076330826,500
mwg,top,14.690997439244832,26.891646259153884,500
