mask,n_chains,Rhat_logp,Rhat_k
top,5,1.2282830188713676,1.1118391001552004
